,vip_id,mk_individual_id,mk_individual_name_eng,mk_individual_first_name_eng
0,000000405,12,Elon,Benyamin
1,000000412,46,Hendel,Zvi
2,000000417,51,Ze'evi,Rehavam
3,000000421,209,Cohen,Eliezer
4,000000427,214,Liberman,Avigdor
5,000000430,121,Shtern,Yuri
6,000000431,704,Avital,Colette
7,000000432,6,Oshaya,Efi
8,000000433,8,Itzik,Dalia
9,000000434,137,Burg,Avraham
10,000000435,20,Ben-Eliezer,Binyamin (Fouad)
11,000000437,22,Ben-Menachem,Eli
12,000000439,23,Ben-Ami,Shlomo
13,000000441,39,Dayan,Yael
14,000000442,59,Tarif,Saleh
15,000000444,62,Yechezkel,Avraham
16,000000445,64,Cabel,Eitan
17,000000446,67,Cohen,Ra`anan
18,000000447,68,Katz,Yossi
19,000000448,78,Landver,Sofa
20,000000449,220,Melchior,Michael
21,000000453,85,Massalha,Nawaf
22,000000454,94,Sneh,Ephraim
23,000000455,100,Pines-Paz,Ophir
24,000000456,104,Peres,Shimon
25,000000458,115,Ramon,Haim
26,000000459,117,Shochat,Avraham
27,000000460,205,Shiry,Wizman
28,000000461,123,Simhon,Shalom
29,000000462,9,Eitan,Michael
30,000000463,278,Arens,Moshe
31,000000464,16,Boim,Ze`ev
32,000000465,19,Blumenthal,Naomi
33,000000466,42,Hirchson,Abraham
34,000000467,45,Hanegbi,Tzachi
35,000000468,69,Katz,Israel
36,000000469,213,Livni,Tzipi
37,000000470,70,Livnat,Limor
38,000000471,77,Landau,Uzi
39,000000472,86,Matza,Joshua
40,000000473,223,Naveh,Dan
41,000000474,96,Ezra,Gideon
42,000000475,230,Kara,Ayoob
43,000000476,114,Rivlin,Reuven
44,000000477,695,Steinitz,Yuval
45,000000478,119,Sheetrit,Meir
46,000000479,122,Shalom,Silvan
47,000000482,125,Sharon,Ariel
48,000000483,7,Azoulay,David
49,000000484,25,Benizri,Shlomo
50,000000485,198,Gagula,Itzhak
51,000000486,34,Gamliel,Arieh
52,000000487,37,Dahan,Nissim
53,000000488,50,Vaknin,Yitzhak
54,000000490,206,Zeev,Nissim
55,000000492,207,Hugi,Ofer
56,000000493,58,Tal,David
57,000000494,63,Yishai,Eliyahu
58,000000495,210,Cohen,Amnon
59,000000498,222,Nahari,Meshulam
60,000000499,225,Shaban,Yitzhak
61,000000500,226,Suissa,Eliyahu
62,000000501,228,Peretz,Yair
63,000000503,200,Gilon,Ilan
64,000000504,201,Galon,Zehava
65,000000505,203,Vilan,Avshalom
66,000000506,56,Chazan,Naomi
67,000000507,66,Cohen,Ran
68,000000509,80,Maor,Anat
69,000000510,113,Rubinstein,Amnon
70,000000511,708,Raz,Mossi
71,000000512,126,Sarid,Yossi
72,000000513,196,Brailovsky,Victor
73,000000517,217,Lapid,Yosef (Tommy)
74,000000518,221,Naot,Yehudith
75,000000519,98,Poraz,Avraham
76,000000520,227,Paritzky,Joseph
77,000000521,194,Orlev,Zevulun
78,000000522,17,Bibi,Yigal
79,000000523,202,Druckman,Haim Meir
80,000000524,61,Yahalom,Shaul
81,000000525,696,Langental,Nahum
82,000000526,35,Gafni,Moshe
83,000000527,43,Halpert,Shmuel
84,000000528,216,Litzman,Yakov
85,000000531,112,Ravitz,Avraham
86,000000532,1,Edelstein,Yuli Yoel
87,000000533,91,Solodkin,Marina
88,000000534,232,Riger,Gennady
89,000000535,127,Sharansky,Natan
90,000000536,72,Levy,David
91,000000537,74,Levy,Maxim
92,000000538,709,Mishani,Mordechai
93,000000539,231,Rabin-Pelossof,Dalia
94,000000540,197,Barakeh,Mohammad
95,000000541,31,Gozansky,Tamar
96,000000542,218,Makhoul,Issam
97,000000543,712,Lasry,Yechiel
98,000000544,82,Magen (Monsonego),David
99,000000545,155,Milo,Roni
0,000000546,88,Meridor,Dan
1,000000548,711,Ronen,Nehama
2,000000549,13,El-Sana,Talab
3,000000550,36,Dehamshe,Abdulmalik
4,000000551,83,Mahameed,Hashem
5,000000552,26,Bronfman,Roman
6,000000553,229,Tsinker,Alexander
7,000000554,57,Khatib,Tawfik
8,000000555,211,Kanan,Muhamad
9,000000556,212,Katz,Haim
10,000000557,105,Peretz,Amir
11,000000558,29,Bishara,Azmi
12,000000559,109,Kleiner,Michael
13,000000560,208,Tibi,Ahmad
14,000000563,103,Porush,Meir
15,000000564,219,Melloul,Rahamim
16,000000565,89,Nudelman,Michael
17,000000567,54,Sandberg,Eliezer
18,000000580,65,Cohen,Yitzhak
19,000000584,130,Avital,Samuel
20,000000585,710,Ohana,Asher
21,000000713,713,Ariel,Uri Yehuda
22,000000755,714,Cohen,Eli
23,000000763,715,Eitam,Effie
24,000000765,73,Levy,Yitzhak
25,000000818,716,Gilad,Yehuda
26,000000860,33,Goldschmidt,Elie
27,000000861,27,Baram,Uzi
28,000000862,110,Katsav,Moshe
29,000000865,717,Noked,Orit
30,000000889,718,Reshef,Tzaly
31,000000926,719,Even,Uzi
32,000000949,720,Mofaz,Shaul
33,000000965,90,Netanyahu,Benjamin
34,000000986,722,Zabre,Pinhas
35,000001025,723,Gamliel,Gila
36,000001026,724,Avraham Balila,Ruhama
37,000001027,725,Sa'ar,Gideon
38,000001028,726,Benlolo,Daniel
39,000001029,169,Ratzon,Michael
40,000001030,727,Whbee,Majallie
41,000001031,728,Edery,Jacob
42,000001032,729,Yatom,Ehud
43,000001033,730,Aflalo,Eli
44,000001034,731,Kahlon,Moshe 
45,000001035,732,Sharon,Omri
46,000001036,733,Gorlovsky,Michael
47,000001037,734,Erdan,Gilad
48,000001038,735,Bar-On,Ronnie
49,000001039,736,Gavriely,Inbal
50,000001040,737,Hazan,Yehiel
51,000001041,738,Nass,Lea
52,000001042,739,Mitzna,Amram
53,000001043,697,Tamir,Yuli
54,000001044,740,Herzog,Isaac
55,000001045,741,Yatom,Dani
56,000001046,742,Shalgi,Ilan
57,000001047,743,Polishook-Bloch,Meli
58,000001048,744,Chayne,Reshef
59,000001049,745,Brison,Ronny A.
60,000001050,746,Rassabi,Ehud
61,000001051,747,Livni,Eti
62,000001052,748,Leibovitch,Ilan
63,000001053,749,Doron,Chemi
64,000001054,750,Yasinov,Igal
65,000001055,752,Eldad,Arieh
66,000001056,751,Margi,Yakov
67,000001057,754,Eichler,Israel
68,000001059,753,Finkelstein,Gila
69,000001061,756,Zahalka,Jamal
70,000001062,757,Taha,Wasil
71,000001063,755,Cohen,Ilana
72,000001064,3,Olmert,Ehud
73,000001065,5,Oron,Chaim
74,000001067,204,Vilnai,Matan
75,000001068,92,Slomiansky,Nissan
76,000002014,758,Majadele,Raleb
77,000002114,672,Sharett,Moshe
78,000002116,129,A-Dahar,Ahmed
79,000002117,180,Abu-Rabiah,Hamad
80,000002118,233,Abu-Rochan,Laviv-Hussein
81,000002119,178,Abuhatssira,Aharon
82,000002120,234,Avtabi,Eliezer
83,000002121,235,Avizohar,Meir
84,000002122,236,Eban,Abba
85,000002123,237,Avniel,Binyamin
86,000002124,238,Avnery,Uri
87,000002125,239,Avriel,Ehud
88,000002126,240,Abramov,Zalman
89,000002127,241,Abramovicz,Yehuda Meir
90,000002128,2,Edery,Raphael
91,000002129,242,Uzan,Aharon
92,000002130,243,Olmert,Mordechai
93,000002131,245,Unna,Moshe
94,000002132,4,Orr,Ori
95,000002133,246,Uri,Yaakov
96,000002134,247,Osnia,Baruch
97,000002135,131,Ahimeir,Yosef
98,000002136,248,Idelson,Beba
99,000002137,249,Ichilov,Ezra
0,000002138,10,Eitan,Rafael
1,000002139,252,Elgrably,Mordechai
2,000002140,253,Alderoti,Zvi
3,000002141,11,Elul,Rafi
4,000002142,682,Allon,Yigal
5,000002143,132,Aloni,Shulamit
6,000002144,251,E-Zoubi,Seif E-Din
7,000002145,254,Altman,Arie
8,000002146,255,Eliav,Arie Lova
9,000002147,256,Eliahu,Shlomo
10,000002148,257,Eliad,Nissim
11,000002149,258,Eliashar,Eliahu
12,000002150,259,Almogi,Joseph Aharon
13,000002151,260,Elmalich,Avraham
14,000002152,261,Amorai,Adiel
15,000002153,262,Amir,Jacques
16,000002154,179,A-Nashaf,Mahmud
17,000002155,263,Ankorion,Ari
18,000002156,264,Assa,Yerachmiel
19,000002157,133,Asaad,Asaad
20,000002158,265,Asaad,Shafik
21,000002159,266,Assaf,Ami
22,000002160,267,Efrat,Aharon
23,000002161,268,Efrati,Yosef
24,000002162,269,Arbeli-Almozlino,Shoshana
25,000002163,270,Argov,Meir
26,000002164,134,Arad,Nava
27,000002165,271,Arditi,Binyamin
28,000002166,272,Arazi,Reuven
29,000002167,273,Ariav,Chaim
30,000002168,274,Aridor,Yoram
31,000002169,275,Erlich,Simha
32,000002170,276,Aram,Moshe
33,000002171,277,Aran,Zalman
34,000002172,279,Artzi,Yitzhak
35,000002173,683,Eshkol,Levi
36,000002174,280,Eshel,Tamar
37,000002175,135,Bagad,Joseph
38,000002176,281,Be`eri,Yedidia
39,000002177,282,Babah,Simcha
40,000002178,14,Begin,Ze'ev Binyamin
41,000002179,692,Begin,Menachem
42,000002180,283,Badian,Elyakim (Gustav)
43,000002181,284,Bader,Yohanan
44,000002182,285,Bader,Menachem
45,000002183,15,Badash,Pini
46,000002184,286,Bahir,Aryeh
47,000002185,287,Boger,Chaim
48,000002186,136,Bohbot,Shlomo
49,000002187,288,Burg,Yosef
50,000002188,289,Bejarno,Shimon
51,000002189,290,Bibi,Mordechai
52,000002190,291,Bitton,Avraham
53,000002191,292,Bitton,Charlie
54,000002192,18,Beilin,Yossi
55,000002193,293,Blumenthal,Naftali
56,000002194,294,Ben-Aharon,Yitzhak
57,000002195,295,Ben-Eliezer,Aryeh
58,000002196,21,Ben Elissar,Eliahu
59,000002197,296,Ben-Asher,Chaim
60,000002198,684,Ben-Gurion,David
61,000002199,297,Ben-Yaakov,Zalman
62,000002200,298,Ben-Israel,Gideon
63,000002201,299,Ben-Meir,Dov
64,000002202,300,Ben-Meir,Yehuda
65,000002203,301,Ben-Meir,Shlomo-Israel
66,000002204,302,Ben-Ami,Moshe
67,000002206,303,Ben-Porat,Mordechai
68,000002207,680,Ben-Zvi,Yitzhak
69,000002208,24,Ben-Zur,Shmaryahu
70,000002209,304,Ben-Shlomo,Shimon
71,000002210,305,Bentov,Mordechai
72,000002211,306,Bastuni,Rostam
73,000002212,307,Becker,Aharon
74,000002213,308,Bar-On,Mordechai
75,000002214,309,Bar-Zohar,Michael
76,000002215,310,Bar-Yehuda,Israel
77,000002216,311,Bar-Lev,Haim
78,000002217,312,Bar-Nir,Dov
79,000002218,313,Bar-Rav-Hai,David
80,000002219,314,Berger,Herzl
81,000002220,315,Barzilai,Israel
82,000002221,316,Berman,Avraham
83,000002222,317,Berman,Yitzhak
84,000002223,318,Bernstein,Peretz
85,000002224,319,Baram,Moshe
86,000002225,320,Baratz,Yosef
87,000002226,28,Barak,Ehud
88,000002227,321,Barkat,Reuven
89,000002228,322,Bash,Refael
90,000002229,199,Jabara,Hussniya
91,000002230,323,Jabara,Halil-Salim
92,000002231,345,Jarjora,Amin-Salim
93,000002232,30,Gabbay,Eliahu
94,000002233,324,Gvati,Chaim
95,000002234,325,Gadot,Gideon
96,000002235,326,Govrin,Akiva
97,000002236,138,Gutman,Shaul
98,000002237,327,Goldberg,Yosef
99,000002238,32,Goldman,Micha
0,000002239,139,Goldfarb,Alex
1,000002240,328,Goldrat,Avraham-Yehuda
2,000002241,329,Goldstein,Aharon
3,000002242,330,Goldstein,Pinhas
4,000002243,331,Goldschmidt,Yosef
5,000002244,332,Golomb,David
6,000002245,333,Golan,Itzhak
7,000002246,141,Gur,Efraim
8,000002247,140,Gur,Mordechai
9,000002248,334,Guri,Israel
10,000002249,335,Goren,Shraga
11,000002250,336,Guez,Mathilda
12,000002251,337,Givelber,Avraham
13,000002252,339,Gil (Lifschitz),Yaacov
14,000002253,338,Gil,Yaakov
15,000002254,142,Gal,Gedalya
16,000002255,340,Glosca,Zecharia
17,000002256,341,Glazer-Taasa,Miriam
18,000002257,342,Galili,Israel
19,000002258,343,Glass,David
20,000002259,344,Ganchovsky,Eliyahu-Moshe
21,000002260,346,Gross,Shlomo-Jacob
22,000002261,347,Grossman-Orkin,Haika
23,000002262,348,Grupper,Pesach
24,000002263,349,Garidi,Shimon
25,000002264,350,Greenberg,Aharon-Yaakov
26,000002265,351,Greenberg,Uri Zvi
27,000002266,352,Granot,Avraham
28,000002267,353,Granot,Elazar
29,000002268,354,Guershoni,Zvi
30,000002269,355,Degani,Amos
31,000002270,356,Duvdevani,Yechiel
32,000002271,357,Deutsch,Avraham
33,000002272,358,Don-Yehiya,Shabtai
34,000002273,359,Doron,Sarah
35,000002274,360,Diab,Yussef
36,000002275,143,Dayan,Eli
37,000002276,38,Dayan,Haim
38,000002277,688,Dayan,Moshe
39,000002278,361,Dayan,Shlomo
40,000002279,362,Dayan,Shmuel
41,000002280,363,Dinur,Ben-Zion
42,000002281,364,Dinitz,Simcha
43,000002282,365,Dinstein,Zvi
44,000002283,366,Dycian,Leon
45,000002284,367,Danino,David
46,000002285,368,Dekel,Michael
47,000002286,40,Darawshe,Abdulwahab
48,000002287,369,Drobles,Mates
49,000002288,370,Drori,Avraham
50,000002289,371,Drori,Hasya
51,000002290,372,Dranitzki,Yehuda
52,000002291,41,Deri,Aryeh Machluf
53,000002292,373,Hausner,Gideon
54,000002293,374,Hadar,Amos
55,000002294,375,Hurvitz,Igael
56,000002295,376,Hacohen,David
57,000002296,377,Hacohen,Menachem
58,000002297,378,Hacarmeli,Eliyahu
59,000002298,379,Halevi,Benjamin
60,000002299,380,Hillel,Shlomo
61,000002300,44,Hammer,Zevulon
62,000002301,381,Hen,Yechezkel
63,000002302,382,Haetzni,Elyakim
64,000002303,383,Haktin,Ruth
65,000002304,384,Harel,Aharon
66,000002305,385,Harel,Isser
67,000002306,386,Harel,Ben-Zion
68,000002307,47,Harel,Yehuda
69,000002308,387,Herring,Zeev
70,000002309,388,Herlitz,Esther
71,000002310,389,Herman,Zina
72,000002311,390,Harpaz,Netta
73,000002312,391,Herzog,Chaim
74,000002313,392,Herzfeld,Avraham
75,000002314,393,Harari,Yizhar
76,000002315,48,Weinberg,Zvi
77,000002316,144,Weinstein,Ariel
78,000002317,49,Weiss,Shevach
79,000002318,394,Vilenska,Esther
80,000002319,395,Vilner,Meir
81,000002320,690,Weizman,Ezer
82,000002321,396,Virshubski,Mordechai
83,000002322,397,Waldman,Eliezer
84,000002323,145,Vanunu,Yosef
85,000002324,146,Verdiger,Avraham
86,000002325,398,Warhaftig,Zerach
87,000002326,399,Wertheimer,Stef
88,000002327,400,Wertman,Moshe
89,000002328,401,Wattad,Muhammed
90,000002329,402,Jabotinsky,Eri
91,000002330,403,Zo-Aretz,Fridja
92,000002331,52,Zvili,Nissim
93,000002332,404,E-Zoubi,Abd-El-Aziz
94,000002333,405,Zorea,Meir
95,000002334,147,Zayyad,Tawfik
96,000002335,406,Seyger,Isaac
97,000002336,407,Zeigerman,Dror
98,000002337,408,Seidel,Hillel
99,000002338,409,Zilberberg,Avraham
0,000002339,53,Zisman,Emanuel
1,000002340,410,Zysman,Shalom
2,000002341,411,Zackay,Yehezkel
3,000002342,412,Zakin,Dov
4,000002343,413,Zar,Mordechai
5,000002344,414,Habibi,Emile
6,000002345,55,Haj Yahia,Rafik
7,000002346,148,Hadad,Haneh
8,000002347,415,Hushi,Abba
9,000002348,416,Hazan,Yaakov
10,000002349,417,Chasani,Michael
11,000002350,418,Khalaily,Hamad
12,000002351,419,Halfon,Ben-Sion
13,000002352,420,Hamdan,Faras
14,000002353,421,Hamis,Yussuf
15,000002354,422,Hanifes,Salah-Hassan
16,000002355,423,Hassin,Asher
17,000002356,424,Harif,Moshe
18,000002357,149,Harish,Michael
19,000002358,425,Hashai,Yehuda
20,000002359,426,Het,Nahum
21,000002360,427,Taviv,Avraham
22,000002361,428,Tabenkin,Yitzhak
23,000002362,429,Tversky,Jenia
24,000002363,430,Toubi,Tawfik
25,000002364,431,Toledano,Shmuel
26,000002365,432,Tiar,Avraham
27,000002366,150,Temkin,Benjamin
28,000002367,182,Yaguri,Assaf
29,000002368,183,Yedid,Menahem
30,000002369,184,Yadin,Yigael
31,000002370,181,Yadlin,Aharon
32,000002371,60,Yahav,Yona
33,000002372,185,Yehuda,Haim
34,000002373,186,Yehuda,Zvi
35,000002374,187,Unichman,Shimshon
36,000002375,188,Yosef,Dov (Bernard)
37,000002376,189,Yosef,Yaakov
38,000002377,190,Yoseftal,Giora
39,000002378,191,Yoseftal,Senetta
40,000002379,192,Yellin-Mor,Natan
41,000002380,193,Yaacobi,Gad
42,000002381,433,Yaari,Meir
43,000002382,434,Yafeh,Aviad
44,000002383,435,Yoffe,Abraham
45,000002384,436,Yifrach,Yehonatan
46,000002385,437,Itzhaky,Itzhak
47,000002386,438,Itzhaky (Lishovsky),Itzhak
48,000002387,439,Yatziv,Gadi
49,000002388,440,Yariv,Aharon
50,000002389,441,Yeshayahu,Yisrael
51,000002390,442,Cohen,Idov
52,000002391,443,Cohen,Benno
53,000002392,444,Cohen,Geula
54,000002393,445,Cohen,Gavriel
55,000002394,446,Cohen,Yigal
56,000002395,447,Cohen,Yohanan
57,000002396,448,Cohen,Menahem
58,000002397,449,Cohen,Shalom
59,000002398,450,Cohen-Avidov,Meir
60,000002399,451,Cohen-Orgad,Yigal
61,000002400,452,Cohen-Kagan,Rachel
62,000002401,453,Cohen-Meguri,Haim
63,000002402,454,Cohen-Tsiddon,Shlomo
64,000002403,455,Kahane,Meir
65,000002404,456,Kahana,Kalman
66,000002405,457,Kalfon,Avraham
67,000002406,458,Kanovitch,Shimon
68,000002407,459,Kesse ,Yona
69,000002408,460,Kafrit,Sarah
70,000002409,461,Katz,Avraham
71,000002410,462,Katz,Zeev
72,000002411,463,Katz,Yaakov
73,000002412,464,Katz,Shmuel
74,000002413,465,Katz-Oz,Avraham
75,000002414,466,Katznelson,Batsheva
76,000002415,467,Carmel,Moshe
77,000002416,468,Lavon,Pinhas
78,000002417,469,Lavi,Shlomo
79,000002418,470,Levenbraun,Avraham
80,000002419,471,Livni,Eitan
81,000002420,71,Lubotzky,Alexander
82,000002421,152,Lubelsky,Masha
83,000002422,472,Levenstein,Meir-David
84,000002423,473,Luz,Kadish
85,000002424,474,Levy,Daniel-Yitzhak
86,000002425,475,Levy,Yair
87,000002426,476,Levy,Stella
88,000002427,477,Levin,Yitzhak-Meir
89,000002428,478,Levin,Nahum
90,000002429,479,Levin,Shalom
91,000002430,480,Locker,Beryl
92,000002431,481,Lorincz,Shlomo
93,000002432,75,Libai,David
94,000002433,482,Livna,Eliezer
95,000002434,483,Livschitz,David
96,000002435,76,Leizerson,Avraham
97,000002436,484,Lynn,Uriel
98,000002437,485,Linn,Amnon
99,000002438,486,Linker,Zita
0,000002439,215,Lipkin-Shahak,Amnon
1,000002440,487,Lamm,Yosef-Michael
2,000002441,488,Lamdan,Hannah
3,000002442,489,Landau,Haim
4,000002443,490,Lankin,Eliyahu
5,000002444,79,Lancry,Yehuda
6,000002445,153,Lass,Yoram
7,000002446,492,Leket,Yehiel
8,000002447,154,Maya,Moshe
9,000002448,685,Meir,Golda
10,000002449,81,Messele,Addisu
11,000002450,494,Moav,Boaz
12,000002451,493,Moday,Yitzhak
13,000002452,495,Mwais,Hanna
14,000002453,496,Moyal,Eliahu
15,000002454,497,Moade,Jabr
16,000002455,498,Mor,David
17,000002456,500,Mazur,Eliyahu
18,000002457,499,Mizrachi,Eliezer
19,000002458,501,Mizrachi,Yaakov
20,000002459,502,Milman,Dov
21,000002460,503,Maimon,Yehuda Leib
22,000002461,504,Maimon,Ada
23,000002462,505,Mintz,Benjamin
24,000002463,506,Miari,Mohammed
25,000002464,507,Mikunis,Shmuel
26,000002465,84,Meirom,Hagai
27,000002466,508,Melamed,Abraham
28,000002467,156,Mena,David
29,000002468,87,Mordechay,Itzchak
30,000002469,509,Meron,Moshe
31,000002470,510,Meridor,Eliyahu
32,000002471,511,Meridor,Yaacov
33,000002472,512,Merlin,Shmuel
34,000002473,513,Marciano,Saadia
35,000002474,514,Meshel,Jerucham
36,000002475,515,Ne'eman,Yuval
37,000002476,687,Navon,Yitzhak
38,000002477,516,Nof,Akiva
39,000002478,517,Nurock,Mordechai
40,000002479,519,Nechushtan,Yaakov
41,000002480,520,Nahale,Elias
42,000002481,521,Nahmias,Aharon
43,000002482,157,Nachman,Ron
44,000002483,522,Nehemkin,Arye
45,000002484,523,Nitzani,Yaakov
46,000002485,694,Nir,Zvi
47,000002486,524,Nir,Nahum
48,000002487,158,Namir,Ora
49,000002488,525,Namir,Mordechai
50,000002489,159,Nissim,Moshe
51,000002490,526,Nasereldeen,Amal
52,000002491,527,Naim,Raanan
53,000002492,528,Naffa,Mohamed
54,000002493,529,Naftali,Peretz
55,000002494,530,Netzer,Devorah
56,000002495,531,Neria,Moshe-Zvi
57,000002496,532,Sebag,Uri
58,000002497,533,Savidor,Menachem
59,000002498,224,Savir,Uri
60,000002499,534,Sadan,Dov
61,000002500,535,Susayeff,Zalman
62,000002501,536,Suissa,Raphael
63,000002502,537,Solodar,Edna
64,000002503,538,Surkis,Mordechai
65,000002504,539,Stupp,Abraham
66,000002505,93,Saleem,Saleh
67,000002506,540,Saliman,Tzalach
68,000002507,160,Salmovitz,Esther
69,000002508,541,Smilansky,Yizhar
70,000002509,542,Sneh,Moshe
71,000002510,543,Sanhadray,Tova
72,000002511,95,Sa`d,Ahmad
73,000002512,544,Sapir,Yosef
74,000002513,545,Sapir,Pinhas
75,000002514,546,Sardines,Moshe
76,000002515,547,Sartani,Amira
77,000002516,548,Serlin,Yosef
78,000002517,549,Abaas,Avraham
79,000002518,550,Ovid,Diyab
80,000002519,551,Uziel,Baruch
81,000002520,552,Ofer,Avraham
82,000002521,553,Offer,Mordechai
83,000002522,162,Azran,Joseph
84,000002523,554,Atashi,Zeidan
85,000002524,161,Eli,Ovadia
86,000002525,555,Amar,Moshe
87,000002526,97,Amor,Shaul
88,000002527,556,Amit,Meir
89,000002528,557,Amar,Shlomo
90,000002529,558,Faris,Hussein
91,000002530,559,Feder,Naftali
92,000002531,560,Foerder,Yeshayahu
93,000002532,99,Porat,Hanan
94,000002533,250,Ilanit,Fayge
95,000002534,561,Feinberg-Sireni,Ada
96,000002535,562,Feinerman,Uzi
97,000002536,563,Fischer,Yosef
98,000002537,564,Flatto-Sharon,Shmuel
99,000002538,101,Peled,Moshe
0,000002539,565,Peled,Mattityahu
1,000002540,566,Peled,Natan
2,000002541,567,Feldman,Moseh  Zeev
3,000002542,568,Feldman,Reuven
4,000002543,569,Flomin,Yehezkel
5,000002544,570,Flash,George
6,000002545,102,Pinchasi,Raphael
7,000002546,571,Pinkas,David-Zvi
8,000002547,572,Pa`il,Meir
9,000002548,573,Frumkin,Heshel
10,000002549,686,Porush,Menahem
11,000002550,574,Perach,Yehuda
12,000002551,575,Peri,Eliezer
13,000002552,576,Freedman,Marcia
14,000002553,577,Freedman,Simcha
15,000002554,578,Perlstein,Shlomo
16,000002555,579,Preminger,Eliezer
17,000002556,580,Frank,Yaakov
18,000002557,581,Persitz,Shoshana
19,000002558,582,Peretz,Yitzhak
20,000002559,163,Peretz,Yitzhak Haim
21,000002560,164,Patt,Gideon
22,000002561,583,Petel,David
23,000002562,106,Sadik,Walid
24,000002563,165,Tsaban,Yair
25,000002564,584,Tsabari,Rachel
26,000002565,585,Zadok,Haim Joseph
27,000002566,107,Zucker,David
28,000002567,586,Tsur,Zeev
29,000002568,587,Tsur,Yaacov
30,000002569,588,Tsur,Zvi
31,000002570,589,Tsiddon (Chatto),Yoash
32,000002571,590,Zisling,Aharon
33,000002572,591,Zimmerman,Zvi
34,000002573,592,Zipori,Mordechai
35,000002574,108,Kahalani,Avigdor
36,000002575,593,Kol,Moshe
37,000002576,594,Kulas,Eliezer
38,000002577,166,Kaufman,Haim
39,000002578,595,Kook,Hillel
40,000002579,596,Coren,David
41,000002580,597,Coren,Yitzhak
42,000002581,598,Corfo,Haim
43,000002582,599,Kushnir,Yosef
44,000002583,167,Kessar,Israel
45,000002584,600,Klivnov,Yaakov
46,000002585,601,Klinghoffer,Yitzhak
47,000002586,602,Kelmer,Moshe
48,000002587,603,Kamin,Baruch
49,000002588,604,Kanev,Itzhak
50,000002589,605,Kassis,Masaad
51,000002590,606,Kaplan,Eliezer
52,000002591,607,Katzsab,Nuzhat
53,000002592,608,Kargman,Israel
54,000002593,609,Kremerman,Joseph
55,000002594,111,Re`em,David
56,000002595,168,Rabin,Yitzhak
57,000002596,611,Rabinowitz,Yehoshua
58,000002597,612,Rubin,Ben-Zion
59,000002598,613,Rubin,Hanan
60,000002599,614,Rosolio,Daniel
61,000002600,615,Rosen,Pinhas
62,000002601,616,Rosen,Shlomo
63,000002602,617,Rom,Josef
64,000002603,618,Ron,Emry
65,000002604,619,Ronnen,Eliezer
66,000002605,620,Rokach,Israel
67,000002606,621,Raz,Nachman
68,000002607,622,Raziel-Naor,Esther
69,000002608,623,Reisser,Michael
70,000002609,624,Rimalt,Elimelech
71,000002610,625,Riftin,Yaakov
72,000002611,626,Rechtman,Shmuel
73,000002612,627,Remez,Aharon
74,000002613,628,Remez,David
75,000002614,629,Rener,Zvi
76,000002615,630,Raphael,Yitzhak
77,000002616,631,Repetur,Berl  
78,000002617,632,Ratzon,Menachem
79,000002618,633,Rakanti,Avraham
80,000002619,634,Shag,Avraham-Haim
81,000002620,116,Shaki,Avner-Hai
82,000002621,635,Shaki,Shalom-Avraham
83,000002622,170,Segev,Gonen
84,000002623,171,Sagee,Gideon
85,000002624,636,Sagi,Yeushua
86,000002625,637,Shoval,Zalman
87,000002626,693,Shomer,Pini
88,000002627,638,Shostak,Eliezer
89,000002628,639,Shofman,Yosef
90,000002629,640,Schocken,Gershom
91,000002630,641,Shoresh,Shmuel
92,000002631,681,Shazar,Shneor Zalman
93,000002632,642,Shachor,Binyamin
94,000002633,118,Shahal,Moshe
95,000002634,172,Shetreet,Shimon
96,000002635,120,Stern,Avraham
97,000002636,644,Stern,David
98,000002637,645,Stern,Mordechai-Chaim
99,000002638,646,Stern-Katan,Sara
0,000002639,643,Sheetrit,Bechor-Shalom
1,000002640,647,Shichman,Shabtai
2,000002641,648,Shiloah,Zvi
3,000002642,173,Shilansky,Dov
4,000002643,649,Scheinman,Pinchas
5,000002644,650,Shiffman,David
6,000002645,651,Shechterman,Abraham
7,000002646,652,Shalom,Ephraim
8,000002647,653,Shalita,Benny
9,000002648,654,Shem-Tov,Victor
10,000002649,174,Shamay,Yaakov
11,000002650,124,Shmueli,Doron
12,000002651,655,Simhoni,Yehudit
13,000002652,175,Shamir,Yitzhak
14,000002653,656,Shamir,Moshe
15,000002654,657,Shimoni,Haviv
16,000002655,658,Shaari,Yehuda
17,000002656,659,Shafat,Gershon
18,000002657,660,Sheftel,Aryeh
19,000002658,176,Shefi,Jacob
20,000002659,661,Speiser,Eliahu
21,000002660,177,Schapira,Avraham Yosef
22,000002661,663,Shapira,Haim-Moshe
23,000002662,665,Shapira,Yaakov-Shimshon
24,000002663,666,Shefer,Zeev
25,000002664,667,Sprinzak,Yair
26,000002665,668,Sprinzak,Joseph
27,000002666,669,Sheri,Reuven
28,000002667,670,Sharir,Avraham
29,000002668,671,Sherf,Zeev
30,000002669,673,Sasson,Eliyahu
31,000002670,674,Sassoon,Charles Benjamin (Silach)
32,000002671,675,Taburi,Ephraim
33,000002672,128,Tichon,Dan
34,000002673,676,Talmi,Emma
35,000002674,677,Talmi,Meir
36,000002675,678,Tamir,Josef
37,000002676,679,Tamir (Katznelson),Shmuel 
38,000003175,759,Golan,Erela
39,000003256,698,Geri,Yaacov (Meyer)
40,000003257,701,Dolchin,Aryeh
41,000003258,700,Toledano,Yaakov Moshe
42,000003259,699,Cohen,Haim
43,000003260,702,Katz,Israel
44,000003261,706,Neeman,Yaakov
45,000003262,705,Amital,Yehuda
46,000003263,703,Shapira,Yosef
47,000004035,760,Rosenblum,Penina
48,000004155,761,Ilan,Tova
49,000004156,762,Tzur,Ronen
50,000004175,763,Koren,Dani
51,000004217,764,Tartman,Esterina
52,000004218,765,Angel,Orna
53,000004235,766,Dobrin,Neta
54,000004295,789,Swaid,Hanna
55,000004297,800,Sarsour,Ibrahim
56,000004298,794,Eitan,Rafi
57,000004299,796,Ben Yizri,Yacov
58,000004300,803,Sharoni,Moshe
59,000004301,777,Ziv,Izhak
60,000004302,799,Galantee,Itshac
61,000004303,798,Glazer,Elhanan
62,000004304,787,Marom Shalev,Sara
63,000004355,772,Hasson,Yoel
64,000004375,770,Dotan,Amira
65,000004376,781,Hasson,Israel
66,000004395,771,Dicter,Avi
67,000004396,775,Reichman,Uriel
68,000004397,768,Elkin,Zeev
69,000004398,767,Ben-Sasson,Menahem
70,000004399,769,Breznitz,Shlomo
71,000004400,774,Tirosh,Ronit
72,000004401,776,Schneller,Otniel
73,000004402,773,Itzchaky,Avigdor
74,000004403,788,Marciano,Yoram
75,000004404,779,Hilou,Nadia
76,000004405,782,Yachimovich,Shelly
77,000004406,792,Ayalon,Ami
78,000004407,797,Braverman,Avishay
79,000004408,802,Shemtov,Lia
80,000004409,785,Miller,Alex
81,000004410,801,Shagal,Yosef
82,000004411,786,Misezhnikov,Stas
83,000004412,793,Ilatov,Robert
84,000004413,790,Aharonovitch,Yitzhak
85,000004414,783,Cohen,Yakov
86,000004415,778,Zkoor,Abas
87,000004416,780,Khenin,Dov
88,000004417,791,Atias,Ariel
89,000004418,795,Amsellem,Chaim
90,000004419,784,Michaeli,Avraham
91,000004635,804,Hermesh,Shai
92,000005904,707,Gruenbaum,Yitzhak
93,000005955,610,Keshet,Ben-Zion
94,000005956,491,Laskov,Tzipora
95,000006076,805,Rotem,David
96,000006095,806,Friedmann,Daniel
97,000006235,807,Naffaa,Said
98,000007035,808,Ben-Israel,Isaac
99,000007736,809,Plesner,Yohanan
0,000009315,810,Molla,Shlomo (Neguse)
1,000009615,865,Bar,Yehiel Hilik
2,000010355,811,Bahyna,Mazor
3,000010555,812,Shnaan,Shachiv
4,000011235,813,Litinetsky,Leon
5,000011835,814,Maklev,Uri
6,000012595,815,Greenfield,Tzvia
7,000012835,816,Pollack,Yehoshua Menachem
8,000012935,820,Adatto,Rachel
9,000012936,842,Agbaria,Afou
10,000012937,830,Akunis,Ofir
11,000012938,837,Amar,Hamad
12,000012939,833,Ayalon,Daniel
13,000012941,817,Bielski,Zeev
14,000012942,841,Ben Ari,Michael
15,000012943,821,Bibi,Arie
16,000012944,828,Danon,Danny
17,000012945,844,Ganaim,Masud
18,000012946,847,Hershkowitz,Daniel
19,000012947,843,Horowitz,Nitzan
20,000012948,825,Hotovely,Tzipi
21,000012949,840,Katz,Yaakov (Katzeleh)
22,000012950,835,Kirshenbaum,Fania
23,000012951,826,Levin,Yariv
24,000012952,832,Levi-Abekasis,Orly
25,000012953,838,Matalon,Moshe Mutz
26,000012954,834,Michaeli,Anastassia
27,000012955,839,Moses,Menachem Eliezer
28,000012956,845,Orbach,Uri
29,000012957,824,Peled,Yossi
30,000012958,827,Pinyan,Zion
31,000012959,831,Regev,Miri Miriam 
32,000012960,829,Shama Hacohen,Carmel
33,000012961,818,Shai,Nachman
34,000012962,819,Tiviaev,Robert
35,000012963,823,Ya`alon,Moshe
36,000012964,846,Zoabi,Hanin
37,000012965,822,Zuaretz,Orit
38,000012966,836,Ben Simon,Daniel
39,000013830,848,Shamalov Berkovich,Yulia
40,000014470,849,Wilf,Einat
41,000017630,850,Abesadze,Nino
42,000018990,851,Avital,Doron
43,000021431,852,Duan,Avraham
44,000022091,853,Zellner,Yuval
45,000022151,854,Hasoon,Akram 
46,000022811,855,Dabbah,Ahmed
47,000022911,856,Adamso,Alali
48,000023511,864,Bennett,Naftali
49,000023512,904,Shaked,Ayelet
50,000023531,863,Ben Dahan,Eli
51,000023532,893,Kalfa,Zvulun
52,000023533,870,Wortzman,Avi
53,000023534,873,Yogev,Mordhay
54,000023551,884,Strock,Orit Malka
55,000023552,898,Chetboun,Yoni
56,000023553,879,Moalem-Refaeli,Shuli
57,000023555,902,Shamir,Yair
58,000023556,885,Feiglin,Moshe Zalman
59,000023557,859,Ohayon,Shimon
60,000023558,914,Bitan,David
61,000023560,956,Malinovsky,Yulia
62,000023564,912,Amsalem,David
63,000023565,881,Michaeli,Merav
64,000023566,903,Shaffir,Stav
65,000023567,882,Margalit,Erel
66,000023568,901,Shmuli,Itzik
67,000023569,896,Rosenthal,Micky
68,000023570,862,Biran,Michal
69,000023571,880,Mizrahi,Moshe
70,000023572,940,Atar,Daniel
71,000023573,926,Yonah,Yoseph
72,000023591,899,Stern,Elazar
73,000023592,890,Tsur,David
74,000023594,878,Lapid,Yair
75,000023595,886,Piron,Shai
76,000023596,868,German,Yael
77,000023597,874,Cohen,Meir
78,000023598,887,Perry,Yaakov
79,000023599,875,Lavie,Aliza
80,000023600,900,Shelah,Ofer
81,000023601,897,Razvozov,Yoel
82,000023602,891,Koll,Adi
83,000023631,860,Elharrar,Karine
84,000023632,876,Levy,Mickey
85,000023633,883,Solomon,Shimon
86,000023634,892,Calderon,Ruth
87,000023635,905,Tameno,Pnina
88,000023636,889,Frenkel,Rina
89,000023637,894,Kariv,Yifat
90,000023638,877,Lipman,Dov
91,000023639,872,Toporovsky,Boaz
92,000023640,869,Hoffman,Ronen
93,000023641,861,Asher,Yaakov 
94,000023642,857,Abu Arar,Talab
95,000023643,867,Ghattas,Basel
96,000023651,871,Zandberg,Tamar
97,000023652,888,Frej,Esawi  
98,000023653,895,Rozin,Michal
99,000023673,866,Barlev,Omer
0,000028513,906,Ben Tzur,Yoav
1,000029855,907,Edri,Lior
2,000030014,908,Horowitz,Hillel Ilan
3,000030054,930,Magal,Yinon
4,000030055,936,Smotrich,Bezalel
5,000030056,929,Levy,Jackie
6,000030057,945,Kisch,Yoav
7,000030058,922,Zohar,Makhluf Miki
8,000030059,918,Berko,Anat
9,000030060,925,Trajtenberg,Manuel
10,000030061,935,Swid,Revital
11,000030062,913,Bahloul,Zouheir
12,000030063,917,Broshi,Eytan
13,000030064,934,Svetlova,Ksenia
14,000030065,933,Nahmias-Verbin,Ayelet
15,000030066,938,Odeh,Ayman
16,000030067,948,Touma Sliman,Aida  
17,000030068,923,Haj Yahya,Abd Al Hakeem
18,000030069,919,Jabareen,Yousef
19,000030070,937,Saadi,Osama
20,000030071,909,Abu Maaruf,Abdullah
21,000030074,927,Jelin,Haim
22,000030076,920,Gal,Sharon
23,000030077,921,Gallant,Yoav
24,000030078,911,Elalouf,Elie
25,000030079,910,Oren,Michael
26,000030080,939,Azaria,Rachel
27,000030081,942,Ploskov,Tali
28,000030082,946,Shasha Biton,Yifat
29,000030083,928,Cohen,Eli
30,000030084,941,Folkman,Roy
31,000030094,943,Boker,Nava
32,000030095,932,Neguise,Avraham
33,000030096,944,Koren,Nurit
34,000030097,931,Mazuz,Yaron
35,000030098,924,Hazan,Oren Asaf
36,000030099,916,Ben Reuven,Eyal
37,000030102,915,Ben Ari,Merav
38,000030105,1082,Lazimi,Naama
39,000030216,949,Gabbay,Avi
40,000030305,950,Haskel,Sharren Miriam
41,000030309,951,Forer,Oded
42,000030357,952,Cohen Paran,Yael
43,000030369,953,Ohana,Amir
44,000030400,954,Guetta,Yigal 
45,000030494,955,Glick,Yehuda Joshua
46,000030573,957,Malkieli,Michael 
47,000031590,1097,Bezalel,Avraham Benayahu
48,000031665,958,Azbarga,Joumah
49,000031722,959,Alkharumi,Saeed
50,000031729,960,Saida,Dan
51,000031730,961,Hijazi,Ibrahim 
52,000031734,962,Saad,Saleh
53,000031735,963,Fadida,Leah
54,000031747,964,Atauna,Youssef 
55,000031818,968,Younis,Wael
56,000031851,970,Azoulay,Yinon
57,000031911,971,Abu Rahmoun,Neven
58,000031948,972,Mark,Osnat Hila
59,000031977,973,Seyoum,Fentahun
60,000031997,983,Avidar,Eli
61,000031998,1008,Arbel ,Moshe
62,000031999,989,Ashkenazi,Gavriel
63,000032000,1003,Biton ,Michael Mordechai 
64,000032001,1022,Ben Barak,Ram
65,000032002,980,Barbivay ,Orna
66,000032003,1019,Barak,Keren
67,000032004,974,Barkat,Nir
68,000032005,1002,Golan,May
69,000032006,981,Ginzburg,Eitan
70,000032007,988,Gantz,Benjamin
71,000032008,1010,Dayan,Uzi
72,000032009,1017,Hauser,Zvi
73,000032010,1044,Halevi,Amit
74,000032011,997,Hendel,Yoaz
75,000032012,986,Zamir,Asaf
76,000032013,1005,Haimovich,Miki
77,000032014,996,Tesler,Yaakov
78,000032015,1000,Tropper,Chili 
79,000032016,990,Yevarkan, Desta Gadi
80,000032017,991,Yazbak,Heba
81,000032018,1012,Yankelevitch,Omer
82,000032019,984,Cohen,Elihu
83,000032020,1006,Cohen,Meirav
84,000032021,1013,Cassif,Ofer
85,000032022,976,Katz,Ofir
86,000032023,998,Lahav Hertzanu,Yorai
87,000032024,1016,Mulla,Fateen
88,000032025,1020,Kamal-Mreeh,Gadeer
89,000032026,975,Nissenkorn,Avi
90,000032027,995,Segalovitz,Yoav
91,000032028,994,Sova,Evgeny
92,000032029,977,Sofer,Ofir
93,000032030,1014,Silman,Idit
94,000032031,1007,Abbas,Mansour
95,000032032,992,Atia,Etty Hava
96,000032033,1001,Pindrus,Yitzhak Ze'ev
97,000032034,979,Froman,Orly
98,000032035,1021,Peretz,Rafael
99,000032036,978,Farkash Hacohen,Orit
0,000032037,987,Kallner,Ariel
1,000032038,1011,Karhi,Shlomo
2,000032039,1009,Roll,Idan
3,000032040,993,Rousso,Tal
4,000032041,982,Schuster,Alon
5,000032042,985,Shihadeh,Mtanes
6,000032043,1018,Shitrit,Kathrin
7,000032044,999,Shay,Izhar 
8,000032045,1004,Shir Segman,Michal
9,000032046,1023,Shefa,Ram
10,000032208,1030,Kahana,Matan
11,000032209,1024,Kushnir,Alex
12,000032211,1027,Golan,Yair
13,000032213,1075,Magen Telem,Limor 
14,000032214,1028,Ifraimov ,Mark
15,000032218,1025,Asakla,Jaber
16,000032219,1031,Abu Shahadeh,Samy
17,000032220,1029,Abutbul,Moshe
18,000032221,1026,Taha,Waleed
19,000032333,1034,Saleh ,Sondos
20,000032334,1032,Khatib Yassin,Iman
21,000032335,1033,Kozhinov,Andrey
22,000032382,1035,Avitan,Yaakov
23,000032439,1039,Busso,Uriel
24,000032440,1036,Wunsh,Michal
25,000032441,1037,Kabla,Einav
26,000032442,1038,Friedman,Tehila
27,000032443,1040,Shay Vazan,Hila 
28,000032453,1041,Hasid,Eliyahu
29,000032454,1042,Baruchi,Eliyahu
30,000032465,1043,Taieb,Yosef
31,000032623,1045,Vaturi,Nissim
32,000032631,1046,Stern,Shevah
33,000032632,1047,Yogev,Matti
34,000032635,1048,Ron Ben-Moshe,Yael
35,000032642,1050,Turpaz,Moshe 
36,000032643,1049,Beliak,Vladimir 
37,000032649,1052,Wasserman Lande,Ruth 
38,000032664,1053,Knafo,Anat 
39,000032681,1088,Buskila,Mishel
40,000032687,1054,Orbach,Nir
41,000032688,1055,Biton,Haim
42,000032689,1056,Ben Gvir,Itamar
43,000032690,1057,Ghanaim,Mazen
44,000032692,1059,Distel Atbaryan,Galit
45,000032693,1060,Woldiger,Michal Miriam
46,000032694,1061,Katz,Ron
47,000032695,1062,Moatti,Emilie Haya
48,000032696,1063,Maoz,Avi
49,000032697,1064,Mara'ana,Ibtisam
50,000032698,1065,Kara,Abir
51,000032699,1066,Kariv,Gilad
52,000032700,1067,Rothman,Simcha
53,000032701,1068,Rayten Marom,Efrat
54,000032702,1069,Rinawie Zoabi,Ghaida
55,000032703,1070,Chikli,Amichai
56,000032704,1071,Shpak,Nira
57,000033823,1074,Itzhak Halevy,Meir
58,000033824,1076,Mazarsky,Tatiana
59,000033825,1078,Pinto Kadosh,Shirly
60,000033826,1080,Shain ,Yossi 
61,000033827,1079,Fridman,Yasmin
62,000033828,1072,Bardach Yalov,Elina
63,000033829,1077,Mari',Mufid
64,000033830,1073,Tal,Alon
65,000033832,1081,Lasky,Gaby
66,000033858,1083,Kalfon,Yomtob
67,000033880,1084,Bezek,Inbar
68,000033930,1085,Davidson,Simon
69,000033951,1086,Salalha,Ali
70,000033977,1087,Roffe Ofir,Sharon
71,000034341,1089,Starkmann,Orna
72,000034360,1090,Tal,Ohad
73,000034361,1100,Dallal,Eli
74,000034362,1111,Revivo,Eliyahu
75,000034363,1104,Cohen,Almog
76,000034364,1095,Bismuth,Boaz
77,000034365,1092,Eisenkot,Gadi
78,000034366,1094,Biton,Debbie
79,000034367,1093,Alhwashla,Waleed
80,000034368,1105,Milwidsky,Hanoch Dov
81,000034369,1103,Hujeirat,Yasir
82,000034370,1099,Goldknop,Yitshak 
83,000034371,1102,Wasserlauf,Issac Shimon
84,000034372,1108,Sonn Har Melech,Limor
85,000034373,1091,Sarfatti Harcavi,Matti
86,000034374,1107,Solomon,Moshe
87,000034375,1109,Saada,Moshe
88,000034376,1112,Shiri,Naor
89,000034377,1096,Eliyahu,Amichay
90,000034378,1110,Foghel,Tzvika
91,000034379,1098,Gotliv,Tally
92,000034380,1101,Danino,Shalom
93,000034381,1106,Nir,Sharon
94,000034498,1113,Dermer,Ron
95,000034499,1114,Kroizer,Yitzhak 
96,000034513,1115,Mashriki,Yonatan 
97,000034520,1116,Illouz,Dan 
98,000034586,1117,Roth,Moshe 
99,000034598,1118,Meron, Shelly Tal 
0,000034608,1120,Moshiashvili,Simon 
1,000034609,1119,Malul,Erez 
2,000034616,1121,Sukkot,Tzvi Yedidia
3,000034626,1122,Melaku,Tsega 
4,000034632,1123,Shkalim,Osher 
5,000034687,1124,Passal,Moshe 
6,000034716,1125,Guetta,Sasson Sassi 
7,000034722,1126,Buaron,Avichay Avraham
8,000034814,1127,Levi,Yaron
