,mk_individual_id,mk_individual_name_eng,mk_individual_first_name_eng
0,1,Edelstein,Yuli Yoel
1,2,Edery,Raphael
2,3,Olmert,Ehud
3,4,Orr,Ori
4,5,Oron,Chaim
5,6,Oshaya,Efi
6,7,Azoulay,David
7,8,Itzik,Dalia
8,9,Eitan,Michael
9,10,Eitan,Rafael
10,11,Elul,Rafi
11,12,Elon,Benyamin
12,13,El-Sana,Talab
13,14,Begin,Ze'ev Binyamin
14,15,Badash,Pini
15,16,Boim,Ze`ev
16,17,Bibi,Yigal
17,18,Beilin,Yossi
18,19,Blumenthal,Naomi
19,20,Ben-Eliezer,Binyamin (Fouad)
20,21,Ben Elissar,Eliahu
21,22,Ben-Menachem,Eli
22,23,Ben-Ami,Shlomo
23,24,Ben-Zur,Shmaryahu
24,25,Benizri,Shlomo
25,26,Bronfman,Roman
26,27,Baram,Uzi
27,28,Barak,Ehud
28,29,Bishara,Azmi
29,30,Gabbay,Eliahu
30,31,Gozansky,Tamar
31,32,Goldman,Micha
32,33,Goldschmidt,Elie
33,34,Gamliel,Arieh
34,35,Gafni,Moshe
35,36,Dehamshe,Abdulmalik
36,37,Dahan,Nissim
37,38,Dayan,Haim
38,39,Dayan,Yael
39,40,Darawshe,Abdulwahab
40,41,Deri,Aryeh Machluf
41,42,Hirchson,Abraham
42,43,Halpert,Shmuel
43,44,Hammer,Zevulon
44,45,Hanegbi,Tzachi
45,46,Hendel,Zvi
46,47,Harel,Yehuda
47,48,Weinberg,Zvi
48,49,Weiss,Shevach
49,50,Vaknin,Yitzhak
50,51,Ze'evi,Rehavam
51,52,Zvili,Nissim
52,53,Zisman,Emanuel
53,54,Sandberg,Eliezer
54,55,Haj Yahia,Rafik
55,56,Chazan,Naomi
56,57,Khatib,Tawfik
57,58,Tal,David
58,59,Tarif,Saleh
59,60,Yahav,Yona
60,61,Yahalom,Shaul
61,62,Yechezkel,Avraham
62,63,Yishai,Eliyahu
63,64,Cabel,Eitan
64,65,Cohen,Yitzhak
65,66,Cohen,Ran
66,67,Cohen,Ra`anan
67,68,Katz,Yossi
68,69,Katz,Israel
69,70,Livnat,Limor
70,71,Lubotzky,Alexander
71,72,Levy,David
72,73,Levy,Yitzhak
73,74,Levy,Maxim
74,75,Libai,David
75,76,Leizerson,Avraham
76,77,Landau,Uzi
77,78,Landver,Sofa
78,79,Lancry,Yehuda
79,80,Maor,Anat
80,81,Messele,Addisu
81,82,Magen (Monsonego),David
82,83,Mahameed,Hashem
83,84,Meirom,Hagai
84,85,Massalha,Nawaf
85,86,Matza,Joshua
86,87,Mordechay,Itzchak
87,88,Meridor,Dan
88,89,Nudelman,Michael
89,90,Netanyahu,Benjamin
90,91,Solodkin,Marina
91,92,Slomiansky,Nissan
92,93,Saleem,Saleh
93,94,Sneh,Ephraim
94,95,Sa`d,Ahmad
95,96,Ezra,Gideon
96,97,Amor,Shaul
97,98,Poraz,Avraham
98,99,Porat,Hanan
99,100,Pines-Paz,Ophir
0,101,Peled,Moshe
1,102,Pinchasi,Raphael
2,103,Porush,Meir
3,104,Peres,Shimon
4,105,Peretz,Amir
5,106,Sadik,Walid
6,107,Zucker,David
7,108,Kahalani,Avigdor
8,109,Kleiner,Michael
9,110,Katsav,Moshe
10,111,Re`em,David
11,112,Ravitz,Avraham
12,113,Rubinstein,Amnon
13,114,Rivlin,Reuven
14,115,Ramon,Haim
15,116,Shaki,Avner-Hai
16,117,Shochat,Avraham
17,118,Shahal,Moshe
18,119,Sheetrit,Meir
19,120,Stern,Avraham
20,121,Shtern,Yuri
21,122,Shalom,Silvan
22,123,Simhon,Shalom
23,124,Shmueli,Doron
24,125,Sharon,Ariel
25,126,Sarid,Yossi
26,127,Sharansky,Natan
27,128,Tichon,Dan
28,129,A-Dahar,Ahmed
29,130,Avital,Samuel
30,131,Ahimeir,Yosef
31,132,Aloni,Shulamit
32,133,Asaad,Asaad
33,134,Arad,Nava
34,135,Bagad,Joseph
35,136,Bohbot,Shlomo
36,137,Burg,Avraham
37,138,Gutman,Shaul
38,139,Goldfarb,Alex
39,140,Gur,Mordechai
40,141,Gur,Efraim
41,142,Gal,Gedalya
42,143,Dayan,Eli
43,144,Weinstein,Ariel
44,145,Vanunu,Yosef
45,146,Verdiger,Avraham
46,147,Zayyad,Tawfik
47,148,Hadad,Haneh
48,149,Harish,Michael
49,150,Temkin,Benjamin
50,152,Lubelsky,Masha
51,153,Lass,Yoram
52,154,Maya,Moshe
53,155,Milo,Roni
54,156,Mena,David
55,157,Nachman,Ron
56,158,Namir,Ora
57,159,Nissim,Moshe
58,160,Salmovitz,Esther
59,161,Eli,Ovadia
60,162,Azran,Joseph
61,163,Peretz,Yitzhak Haim
62,164,Patt,Gideon
63,165,Tsaban,Yair
64,166,Kaufman,Haim
65,167,Kessar,Israel
66,168,Rabin,Yitzhak
67,169,Ratzon,Michael
68,170,Segev,Gonen
69,171,Sagee,Gideon
70,172,Shetreet,Shimon
71,173,Shilansky,Dov
72,174,Shamay,Yaakov
73,175,Shamir,Yitzhak
74,176,Shefi,Jacob
75,177,Schapira,Avraham Yosef
76,178,Abuhatssira,Aharon
77,179,A-Nashaf,Mahmud
78,180,Abu-Rabiah,Hamad
79,181,Yadlin,Aharon
80,182,Yaguri,Assaf
81,183,Yedid,Menahem
82,184,Yadin,Yigael
83,185,Yehuda,Haim
84,186,Yehuda,Zvi
85,187,Unichman,Shimshon
86,188,Yosef,Dov (Bernard)
87,189,Yosef,Yaakov
88,190,Yoseftal,Giora
89,191,Yoseftal,Senetta
90,192,Yellin-Mor,Natan
91,193,Yaacobi,Gad
92,194,Orlev,Zevulun
93,196,Brailovsky,Victor
94,197,Barakeh,Mohammad
95,198,Gagula,Itzhak
96,199,Jabara,Hussniya
97,200,Gilon,Ilan
98,201,Galon,Zehava
99,202,Druckman,Haim Meir
0,203,Vilan,Avshalom
1,204,Vilnai,Matan
2,205,Shiry,Wizman
3,206,Zeev,Nissim
4,207,Hugi,Ofer
5,208,Tibi,Ahmad
6,209,Cohen,Eliezer
7,210,Cohen,Amnon
8,211,Kanan,Muhamad
9,212,Katz,Haim
10,213,Livni,Tzipi
11,214,Liberman,Avigdor
12,215,Lipkin-Shahak,Amnon
13,216,Litzman,Yakov
14,217,Lapid,Yosef (Tommy)
15,218,Makhoul,Issam
16,219,Melloul,Rahamim
17,220,Melchior,Michael
18,221,Naot,Yehudith
19,222,Nahari,Meshulam
20,223,Naveh,Dan
21,224,Savir,Uri
22,225,Shaban,Yitzhak
23,226,Suissa,Eliyahu
24,227,Paritzky,Joseph
25,228,Peretz,Yair
26,229,Tsinker,Alexander
27,230,Kara,Ayoob
28,231,Rabin-Pelossof,Dalia
29,232,Riger,Gennady
30,233,Abu-Rochan,Laviv-Hussein
31,234,Avtabi,Eliezer
32,235,Avizohar,Meir
33,236,Eban,Abba
34,237,Avniel,Binyamin
35,238,Avnery,Uri
36,239,Avriel,Ehud
37,240,Abramov,Zalman
38,241,Abramovicz,Yehuda Meir
39,242,Uzan,Aharon
40,243,Olmert,Mordechai
41,245,Unna,Moshe
42,246,Uri,Yaakov
43,247,Osnia,Baruch
44,248,Idelson,Beba
45,249,Ichilov,Ezra
46,250,Ilanit,Fayge
47,251,E-Zoubi,Seif E-Din
48,252,Elgrably,Mordechai
49,253,Alderoti,Zvi
50,254,Altman,Arie
51,255,Eliav,Arie Lova
52,256,Eliahu,Shlomo
53,257,Eliad,Nissim
54,258,Eliashar,Eliahu
55,259,Almogi,Joseph Aharon
56,260,Elmalich,Avraham
57,261,Amorai,Adiel
58,262,Amir,Jacques
59,263,Ankorion,Ari
60,264,Assa,Yerachmiel
61,265,Asaad,Shafik
62,266,Assaf,Ami
63,267,Efrat,Aharon
64,268,Efrati,Yosef
65,269,Arbeli-Almozlino,Shoshana
66,270,Argov,Meir
67,271,Arditi,Binyamin
68,272,Arazi,Reuven
69,273,Ariav,Chaim
70,274,Aridor,Yoram
71,275,Erlich,Simha
72,276,Aram,Moshe
73,277,Aran,Zalman
74,278,Arens,Moshe
75,279,Artzi,Yitzhak
76,280,Eshel,Tamar
77,281,Be`eri,Yedidia
78,282,Babah,Simcha
79,283,Badian,Elyakim (Gustav)
80,284,Bader,Yohanan
81,285,Bader,Menachem
82,286,Bahir,Aryeh
83,287,Boger,Chaim
84,288,Burg,Yosef
85,289,Bejarno,Shimon
86,290,Bibi,Mordechai
87,291,Bitton,Avraham
88,292,Bitton,Charlie
89,293,Blumenthal,Naftali
90,294,Ben-Aharon,Yitzhak
91,295,Ben-Eliezer,Aryeh
92,296,Ben-Asher,Chaim
93,297,Ben-Yaakov,Zalman
94,298,Ben-Israel,Gideon
95,299,Ben-Meir,Dov
96,300,Ben-Meir,Yehuda
97,301,Ben-Meir,Shlomo-Israel
98,302,Ben-Ami,Moshe
99,303,Ben-Porat,Mordechai
0,304,Ben-Shlomo,Shimon
1,305,Bentov,Mordechai
2,306,Bastuni,Rostam
3,307,Becker,Aharon
4,308,Bar-On,Mordechai
5,309,Bar-Zohar,Michael
6,310,Bar-Yehuda,Israel
7,311,Bar-Lev,Haim
8,312,Bar-Nir,Dov
9,313,Bar-Rav-Hai,David
10,314,Berger,Herzl
11,315,Barzilai,Israel
12,316,Berman,Avraham
13,317,Berman,Yitzhak
14,318,Bernstein,Peretz
15,319,Baram,Moshe
16,320,Baratz,Yosef
17,321,Barkat,Reuven
18,322,Bash,Refael
19,323,Jabara,Halil-Salim
20,324,Gvati,Chaim
21,325,Gadot,Gideon
22,326,Govrin,Akiva
23,327,Goldberg,Yosef
24,328,Goldrat,Avraham-Yehuda
25,329,Goldstein,Aharon
26,330,Goldstein,Pinhas
27,331,Goldschmidt,Yosef
28,332,Golomb,David
29,333,Golan,Itzhak
30,334,Guri,Israel
31,335,Goren,Shraga
32,336,Guez,Mathilda
33,337,Givelber,Avraham
34,338,Gil,Yaakov
35,339,Gil (Lifschitz),Yaacov
36,340,Glosca,Zecharia
37,341,Glazer-Taasa,Miriam
38,342,Galili,Israel
39,343,Glass,David
40,344,Ganchovsky,Eliyahu-Moshe
41,345,Jarjora,Amin-Salim
42,346,Gross,Shlomo-Jacob
43,347,Grossman-Orkin,Haika
44,348,Grupper,Pesach
45,349,Garidi,Shimon
46,350,Greenberg,Aharon-Yaakov
47,351,Greenberg,Uri Zvi
48,352,Granot,Avraham
49,353,Granot,Elazar
50,354,Guershoni,Zvi
51,355,Degani,Amos
52,356,Duvdevani,Yechiel
53,357,Deutsch,Avraham
54,358,Don-Yehiya,Shabtai
55,359,Doron,Sarah
56,360,Diab,Yussef
57,361,Dayan,Shlomo
58,362,Dayan,Shmuel
59,363,Dinur,Ben-Zion
60,364,Dinitz,Simcha
61,365,Dinstein,Zvi
62,366,Dycian,Leon
63,367,Danino,David
64,368,Dekel,Michael
65,369,Drobles,Mates
66,370,Drori,Avraham
67,371,Drori,Hasya
68,372,Dranitzki,Yehuda
69,373,Hausner,Gideon
70,374,Hadar,Amos
71,375,Hurvitz,Igael
72,376,Hacohen,David
73,377,Hacohen,Menachem
74,378,Hacarmeli,Eliyahu
75,379,Halevi,Benjamin
76,380,Hillel,Shlomo
77,381,Hen,Yechezkel
78,382,Haetzni,Elyakim
79,383,Haktin,Ruth
80,384,Harel,Aharon
81,385,Harel,Isser
82,386,Harel,Ben-Zion
83,387,Herring,Zeev
84,388,Herlitz,Esther
85,389,Herman,Zina
86,390,Harpaz,Netta
87,391,Herzog,Chaim
88,392,Herzfeld,Avraham
89,393,Harari,Yizhar
90,394,Vilenska,Esther
91,395,Vilner,Meir
92,396,Virshubski,Mordechai
93,397,Waldman,Eliezer
94,398,Warhaftig,Zerach
95,399,Wertheimer,Stef
96,400,Wertman,Moshe
97,401,Wattad,Muhammed
98,402,Jabotinsky,Eri
99,403,Zo-Aretz,Fridja
0,404,E-Zoubi,Abd-El-Aziz
1,405,Zorea,Meir
2,406,Seyger,Isaac
3,407,Zeigerman,Dror
4,408,Seidel,Hillel
5,409,Zilberberg,Avraham
6,410,Zysman,Shalom
7,411,Zackay,Yehezkel
8,412,Zakin,Dov
9,413,Zar,Mordechai
10,414,Habibi,Emile
11,415,Hushi,Abba
12,416,Hazan,Yaakov
13,417,Chasani,Michael
14,418,Khalaily,Hamad
15,419,Halfon,Ben-Sion
16,420,Hamdan,Faras
17,421,Hamis,Yussuf
18,422,Hanifes,Salah-Hassan
19,423,Hassin,Asher
20,424,Harif,Moshe
21,425,Hashai,Yehuda
22,426,Het,Nahum
23,427,Taviv,Avraham
24,428,Tabenkin,Yitzhak
25,429,Tversky,Jenia
26,430,Toubi,Tawfik
27,431,Toledano,Shmuel
28,432,Tiar,Avraham
29,433,Yaari,Meir
30,434,Yafeh,Aviad
31,435,Yoffe,Abraham
32,436,Yifrach,Yehonatan
33,437,Itzhaky,Itzhak
34,438,Itzhaky (Lishovsky),Itzhak
35,439,Yatziv,Gadi
36,440,Yariv,Aharon
37,441,Yeshayahu,Yisrael
38,442,Cohen,Idov
39,443,Cohen,Benno
40,444,Cohen,Geula
41,445,Cohen,Gavriel
42,446,Cohen,Yigal
43,447,Cohen,Yohanan
44,448,Cohen,Menahem
45,449,Cohen,Shalom
46,450,Cohen-Avidov,Meir
47,451,Cohen-Orgad,Yigal
48,452,Cohen-Kagan,Rachel
49,453,Cohen-Meguri,Haim
50,454,Cohen-Tsiddon,Shlomo
51,455,Kahane,Meir
52,456,Kahana,Kalman
53,457,Kalfon,Avraham
54,458,Kanovitch,Shimon
55,459,Kesse ,Yona
56,460,Kafrit,Sarah
57,461,Katz,Avraham
58,462,Katz,Zeev
59,463,Katz,Yaakov
60,464,Katz,Shmuel
61,465,Katz-Oz,Avraham
62,466,Katznelson,Batsheva
63,467,Carmel,Moshe
64,468,Lavon,Pinhas
65,469,Lavi,Shlomo
66,470,Levenbraun,Avraham
67,471,Livni,Eitan
68,472,Levenstein,Meir-David
69,473,Luz,Kadish
70,474,Levy,Daniel-Yitzhak
71,475,Levy,Yair
72,476,Levy,Stella
73,477,Levin,Yitzhak-Meir
74,478,Levin,Nahum
75,479,Levin,Shalom
76,480,Locker,Beryl
77,481,Lorincz,Shlomo
78,482,Livna,Eliezer
79,483,Livschitz,David
80,484,Lynn,Uriel
81,485,Linn,Amnon
82,486,Linker,Zita
83,487,Lamm,Yosef-Michael
84,488,Lamdan,Hannah
85,489,Landau,Haim
86,490,Lankin,Eliyahu
87,491,Laskov,Tzipora
88,492,Leket,Yehiel
89,493,Moday,Yitzhak
90,494,Moav,Boaz
91,495,Mwais,Hanna
92,496,Moyal,Eliahu
93,497,Moade,Jabr
94,498,Mor,David
95,499,Mizrachi,Eliezer
96,500,Mazur,Eliyahu
97,501,Mizrachi,Yaakov
98,502,Milman,Dov
99,503,Maimon,Yehuda Leib
0,504,Maimon,Ada
1,505,Mintz,Benjamin
2,506,Miari,Mohammed
3,507,Mikunis,Shmuel
4,508,Melamed,Abraham
5,509,Meron,Moshe
6,510,Meridor,Eliyahu
7,511,Meridor,Yaacov
8,512,Merlin,Shmuel
9,513,Marciano,Saadia
10,514,Meshel,Jerucham
11,515,Ne'eman,Yuval
12,516,Nof,Akiva
13,517,Nurock,Mordechai
14,519,Nechushtan,Yaakov
15,520,Nahale,Elias
16,521,Nahmias,Aharon
17,522,Nehemkin,Arye
18,523,Nitzani,Yaakov
19,524,Nir,Nahum
20,525,Namir,Mordechai
21,526,Nasereldeen,Amal
22,527,Naim,Raanan
23,528,Naffa,Mohamed
24,529,Naftali,Peretz
25,530,Netzer,Devorah
26,531,Neria,Moshe-Zvi
27,532,Sebag,Uri
28,533,Savidor,Menachem
29,534,Sadan,Dov
30,535,Susayeff,Zalman
31,536,Suissa,Raphael
32,537,Solodar,Edna
33,538,Surkis,Mordechai
34,539,Stupp,Abraham
35,540,Saliman,Tzalach
36,541,Smilansky,Yizhar
37,542,Sneh,Moshe
38,543,Sanhadray,Tova
39,544,Sapir,Yosef
40,545,Sapir,Pinhas
41,546,Sardines,Moshe
42,547,Sartani,Amira
43,548,Serlin,Yosef
44,549,Abaas,Avraham
45,550,Ovid,Diyab
46,551,Uziel,Baruch
47,552,Ofer,Avraham
48,553,Offer,Mordechai
49,554,Atashi,Zeidan
50,555,Amar,Moshe
51,556,Amit,Meir
52,557,Amar,Shlomo
53,558,Faris,Hussein
54,559,Feder,Naftali
55,560,Foerder,Yeshayahu
56,561,Feinberg-Sireni,Ada
57,562,Feinerman,Uzi
58,563,Fischer,Yosef
59,564,Flatto-Sharon,Shmuel
60,565,Peled,Mattityahu
61,566,Peled,Natan
62,567,Feldman,Moseh  Zeev
63,568,Feldman,Reuven
64,569,Flomin,Yehezkel
65,570,Flash,George
66,571,Pinkas,David-Zvi
67,572,Pa`il,Meir
68,573,Frumkin,Heshel
69,574,Perach,Yehuda
70,575,Peri,Eliezer
71,576,Freedman,Marcia
72,577,Freedman,Simcha
73,578,Perlstein,Shlomo
74,579,Preminger,Eliezer
75,580,Frank,Yaakov
76,581,Persitz,Shoshana
77,582,Peretz,Yitzhak
78,583,Petel,David
79,584,Tsabari,Rachel
80,585,Zadok,Haim Joseph
81,586,Tsur,Zeev
82,587,Tsur,Yaacov
83,588,Tsur,Zvi
84,589,Tsiddon (Chatto),Yoash
85,590,Zisling,Aharon
86,591,Zimmerman,Zvi
87,592,Zipori,Mordechai
88,593,Kol,Moshe
89,594,Kulas,Eliezer
90,595,Kook,Hillel
91,596,Coren,David
92,597,Coren,Yitzhak
93,598,Corfo,Haim
94,599,Kushnir,Yosef
95,600,Klivnov,Yaakov
96,601,Klinghoffer,Yitzhak
97,602,Kelmer,Moshe
98,603,Kamin,Baruch
99,604,Kanev,Itzhak
0,605,Kassis,Masaad
1,606,Kaplan,Eliezer
2,607,Katzsab,Nuzhat
3,608,Kargman,Israel
4,609,Kremerman,Joseph
5,610,Keshet,Ben-Zion
6,611,Rabinowitz,Yehoshua
7,612,Rubin,Ben-Zion
8,613,Rubin,Hanan
9,614,Rosolio,Daniel
10,615,Rosen,Pinhas
11,616,Rosen,Shlomo
12,617,Rom,Josef
13,618,Ron,Emry
14,619,Ronnen,Eliezer
15,620,Rokach,Israel
16,621,Raz,Nachman
17,622,Raziel-Naor,Esther
18,623,Reisser,Michael
19,624,Rimalt,Elimelech
20,625,Riftin,Yaakov
21,626,Rechtman,Shmuel
22,627,Remez,Aharon
23,628,Remez,David
24,629,Rener,Zvi
25,630,Raphael,Yitzhak
26,631,Repetur,Berl  
27,632,Ratzon,Menachem
28,633,Rakanti,Avraham
29,634,Shag,Avraham-Haim
30,635,Shaki,Shalom-Avraham
31,636,Sagi,Yeushua
32,637,Shoval,Zalman
33,638,Shostak,Eliezer
34,639,Shofman,Yosef
35,640,Schocken,Gershom
36,641,Shoresh,Shmuel
37,642,Shachor,Binyamin
38,643,Sheetrit,Bechor-Shalom
39,644,Stern,David
40,645,Stern,Mordechai-Chaim
41,646,Stern-Katan,Sara
42,647,Shichman,Shabtai
43,648,Shiloah,Zvi
44,649,Scheinman,Pinchas
45,650,Shiffman,David
46,651,Shechterman,Abraham
47,652,Shalom,Ephraim
48,653,Shalita,Benny
49,654,Shem-Tov,Victor
50,655,Simhoni,Yehudit
51,656,Shamir,Moshe
52,657,Shimoni,Haviv
53,658,Shaari,Yehuda
54,659,Shafat,Gershon
55,660,Sheftel,Aryeh
56,661,Speiser,Eliahu
57,663,Shapira,Haim-Moshe
58,665,Shapira,Yaakov-Shimshon
59,666,Shefer,Zeev
60,667,Sprinzak,Yair
61,668,Sprinzak,Joseph
62,669,Sheri,Reuven
63,670,Sharir,Avraham
64,671,Sherf,Zeev
65,672,Sharett,Moshe
66,673,Sasson,Eliyahu
67,674,Sassoon,Charles Benjamin (Silach)
68,675,Taburi,Ephraim
69,676,Talmi,Emma
70,677,Talmi,Meir
71,678,Tamir,Josef
72,679,Tamir (Katznelson),Shmuel 
73,680,Ben-Zvi,Yitzhak
74,681,Shazar,Shneor Zalman
75,682,Allon,Yigal
76,683,Eshkol,Levi
77,684,Ben-Gurion,David
78,685,Meir,Golda
79,686,Porush,Menahem
80,687,Navon,Yitzhak
81,688,Dayan,Moshe
82,690,Weizman,Ezer
83,692,Begin,Menachem
84,693,Shomer,Pini
85,694,Nir,Zvi
86,695,Steinitz,Yuval
87,696,Langental,Nahum
88,697,Tamir,Yuli
89,698,Geri,Yaacov (Meyer)
90,699,Cohen,Haim
91,700,Toledano,Yaakov Moshe
92,701,Dolchin,Aryeh
93,702,Katz,Israel
94,703,Shapira,Yosef
95,704,Avital,Colette
96,705,Amital,Yehuda
97,706,Neeman,Yaakov
98,707,Gruenbaum,Yitzhak
99,708,Raz,Mossi
0,709,Mishani,Mordechai
1,710,Ohana,Asher
2,711,Ronen,Nehama
3,712,Lasry,Yechiel
4,713,Ariel,Uri Yehuda
5,714,Cohen,Eli
6,715,Eitam,Effie
7,716,Gilad,Yehuda
8,717,Noked,Orit
9,718,Reshef,Tzaly
10,719,Even,Uzi
11,720,Mofaz,Shaul
12,722,Zabre,Pinhas
13,723,Gamliel,Gila
14,724,Avraham Balila,Ruhama
15,725,Sa'ar,Gideon
16,726,Benlolo,Daniel
17,727,Whbee,Majallie
18,728,Edery,Jacob
19,729,Yatom,Ehud
20,730,Aflalo,Eli
21,731,Kahlon,Moshe 
22,732,Sharon,Omri
23,733,Gorlovsky,Michael
24,734,Erdan,Gilad
25,735,Bar-On,Ronnie
26,736,Gavriely,Inbal
27,737,Hazan,Yehiel
28,738,Nass,Lea
29,739,Mitzna,Amram
30,740,Herzog,Isaac
31,741,Yatom,Dani
32,742,Shalgi,Ilan
33,743,Polishook-Bloch,Meli
34,744,Chayne,Reshef
35,745,Brison,Ronny A.
36,746,Rassabi,Ehud
37,747,Livni,Eti
38,748,Leibovitch,Ilan
39,749,Doron,Chemi
40,750,Yasinov,Igal
41,751,Margi,Yakov
42,752,Eldad,Arieh
43,753,Finkelstein,Gila
44,754,Eichler,Israel
45,755,Cohen,Ilana
46,756,Zahalka,Jamal
47,757,Taha,Wasil
48,758,Majadele,Raleb
49,759,Golan,Erela
50,760,Rosenblum,Penina
51,761,Ilan,Tova
52,762,Tzur,Ronen
53,763,Koren,Dani
54,764,Tartman,Esterina
55,765,Angel,Orna
56,766,Dobrin,Neta
57,767,Ben-Sasson,Menahem
58,768,Elkin,Zeev
59,769,Breznitz,Shlomo
60,770,Dotan,Amira
61,771,Dicter,Avi
62,772,Hasson,Yoel
63,773,Itzchaky,Avigdor
64,774,Tirosh,Ronit
65,775,Reichman,Uriel
66,776,Schneller,Otniel
67,777,Ziv,Izhak
68,778,Zkoor,Abas
69,779,Hilou,Nadia
70,780,Khenin,Dov
71,781,Hasson,Israel
72,782,Yachimovich,Shelly
73,783,Cohen,Yakov
74,784,Michaeli,Avraham
75,785,Miller,Alex
76,786,Misezhnikov,Stas
77,787,Marom Shalev,Sara
78,788,Marciano,Yoram
79,789,Swaid,Hanna
80,790,Aharonovitch,Yitzhak
81,791,Atias,Ariel
82,792,Ayalon,Ami
83,793,Ilatov,Robert
84,794,Eitan,Rafi
85,795,Amsellem,Chaim
86,796,Ben Yizri,Yacov
87,797,Braverman,Avishay
88,798,Glazer,Elhanan
89,799,Galantee,Itshac
90,800,Sarsour,Ibrahim
91,801,Shagal,Yosef
92,802,Shemtov,Lia
93,803,Sharoni,Moshe
94,804,Hermesh,Shai
95,805,Rotem,David
96,806,Friedmann,Daniel
97,807,Naffaa,Said
98,808,Ben-Israel,Isaac
99,809,Plesner,Yohanan
0,810,Molla,Shlomo (Neguse)
1,811,Bahyna,Mazor
2,812,Shnaan,Shachiv
3,813,Litinetsky,Leon
4,814,Maklev,Uri
5,815,Greenfield,Tzvia
6,816,Pollack,Yehoshua Menachem
7,817,Bielski,Zeev
8,818,Shai,Nachman
9,819,Tiviaev,Robert
10,820,Adatto,Rachel
11,821,Bibi,Arie
12,822,Zuaretz,Orit
13,823,Ya`alon,Moshe
14,824,Peled,Yossi
15,825,Hotovely,Tzipi
16,826,Levin,Yariv
17,827,Pinyan,Zion
18,828,Danon,Danny
19,829,Shama Hacohen,Carmel
20,830,Akunis,Ofir
21,831,Regev,Miri Miriam 
22,832,Levi-Abekasis,Orly
23,833,Ayalon,Daniel
24,834,Michaeli,Anastassia
25,835,Kirshenbaum,Fania
26,836,Ben Simon,Daniel
27,837,Amar,Hamad
28,838,Matalon,Moshe Mutz
29,839,Moses,Menachem Eliezer
30,840,Katz,Yaakov (Katzeleh)
31,841,Ben Ari,Michael
32,842,Agbaria,Afou
33,843,Horowitz,Nitzan
34,844,Ganaim,Masud
35,845,Orbach,Uri
36,846,Zoabi,Hanin
37,847,Hershkowitz,Daniel
38,848,Shamalov Berkovich,Yulia
39,849,Wilf,Einat
40,850,Abesadze,Nino
41,851,Avital,Doron
42,852,Duan,Avraham
43,853,Zellner,Yuval
44,854,Hasoon,Akram 
45,855,Dabbah,Ahmed
46,856,Adamso,Alali
47,857,Abu Arar,Talab
48,859,Ohayon,Shimon
49,860,Elharrar,Karine
50,861,Asher,Yaakov 
51,862,Biran,Michal
52,863,Ben Dahan,Eli
53,864,Bennett,Naftali
54,865,Bar,Yehiel Hilik
55,866,Barlev,Omer
56,867,Ghattas,Basel
57,868,German,Yael
58,869,Hoffman,Ronen
59,870,Wortzman,Avi
60,871,Zandberg,Tamar
61,872,Toporovsky,Boaz
62,873,Yogev,Mordhay
63,874,Cohen,Meir
64,875,Lavie,Aliza
65,876,Levy,Mickey
66,877,Lipman,Dov
67,878,Lapid,Yair
68,879,Moalem-Refaeli,Shuli
69,880,Mizrahi,Moshe
70,881,Michaeli,Merav
71,882,Margalit,Erel
72,883,Solomon,Shimon
73,884,Strock,Orit Malka
74,885,Feiglin,Moshe Zalman
75,886,Piron,Shai
76,887,Perry,Yaakov
77,888,Frej,Esawi  
78,889,Frenkel,Rina
79,890,Tsur,David
80,891,Koll,Adi
81,892,Calderon,Ruth
82,893,Kalfa,Zvulun
83,894,Kariv,Yifat
84,895,Rozin,Michal
85,896,Rosenthal,Micky
86,897,Razvozov,Yoel
87,898,Chetboun,Yoni
88,899,Stern,Elazar
89,900,Shelah,Ofer
90,901,Shmuli,Itzik
91,902,Shamir,Yair
92,903,Shaffir,Stav
93,904,Shaked,Ayelet
94,905,Tameno,Pnina
95,906,Ben Tzur,Yoav
96,907,Edri,Lior
97,908,Horowitz,Hillel Ilan
98,909,Abu Maaruf,Abdullah
99,910,Oren,Michael
0,911,Elalouf,Elie
1,912,Amsalem,David
2,913,Bahloul,Zouheir
3,914,Bitan,David
4,915,Ben Ari,Merav
5,916,Ben Reuven,Eyal
6,917,Broshi,Eytan
7,918,Berko,Anat
8,919,Jabareen,Yousef
9,920,Gal,Sharon
10,921,Gallant,Yoav
11,922,Zohar,Makhluf Miki
12,923,Haj Yahya,Abd Al Hakeem
13,924,Hazan,Oren Asaf
14,925,Trajtenberg,Manuel
15,926,Yonah,Yoseph
16,927,Jelin,Haim
17,928,Cohen,Eli
18,929,Levy,Jackie
19,930,Magal,Yinon
20,931,Mazuz,Yaron
21,932,Neguise,Avraham
22,933,Nahmias-Verbin,Ayelet
23,934,Svetlova,Ksenia
24,935,Swid,Revital
25,936,Smotrich,Bezalel
26,937,Saadi,Osama
27,938,Odeh,Ayman
28,939,Azaria,Rachel
29,940,Atar,Daniel
30,941,Folkman,Roy
31,942,Ploskov,Tali
32,943,Boker,Nava
33,944,Koren,Nurit
34,945,Kisch,Yoav
35,946,Shasha Biton,Yifat
36,948,Touma Sliman,Aida  
37,949,Gabbay,Avi
38,950,Haskel,Sharren Miriam
39,951,Forer,Oded
40,952,Cohen Paran,Yael
41,953,Ohana,Amir
42,954,Guetta,Yigal 
43,955,Glick,Yehuda Joshua
44,956,Malinovsky,Yulia
45,957,Malkieli,Michael 
46,958,Azbarga,Joumah
47,959,Alkharumi,Saeed
48,960,Saida,Dan
49,961,Hijazi,Ibrahim 
50,962,Saad,Saleh
51,963,Fadida,Leah
52,964,Atauna,Youssef 
53,968,Younis,Wael
54,970,Azoulay,Yinon
55,971,Abu Rahmoun,Neven
56,972,Mark,Osnat Hila
57,973,Seyoum,Fentahun
58,974,Barkat,Nir
59,975,Nissenkorn,Avi
60,976,Katz,Ofir
61,977,Sofer,Ofir
62,978,Farkash Hacohen,Orit
63,979,Froman,Orly
64,980,Barbivay ,Orna
65,981,Ginzburg,Eitan
66,982,Schuster,Alon
67,983,Avidar,Eli
68,984,Cohen,Elihu
69,985,Shihadeh,Mtanes
70,986,Zamir,Asaf
71,987,Kallner,Ariel
72,988,Gantz,Benjamin
73,989,Ashkenazi,Gavriel
74,990,Yevarkan, Desta Gadi
75,991,Yazbak,Heba
76,992,Atia,Etty Hava
77,993,Rousso,Tal
78,994,Sova,Evgeny
79,995,Segalovitz,Yoav
80,996,Tesler,Yaakov
81,997,Hendel,Yoaz
82,998,Lahav Hertzanu,Yorai
83,999,Shay,Izhar 
84,1000,Tropper,Chili 
85,1001,Pindrus,Yitzhak Ze'ev
86,1002,Golan,May
87,1003,Biton ,Michael Mordechai 
88,1004,Shir Segman,Michal
89,1005,Haimovich,Miki
90,1006,Cohen,Meirav
91,1007,Abbas,Mansour
92,1008,Arbel ,Moshe
93,1009,Roll,Idan
94,1010,Dayan,Uzi
95,1011,Karhi,Shlomo
96,1012,Yankelevitch,Omer
97,1013,Cassif,Ofer
98,1014,Silman,Idit
99,1016,Mulla,Fateen
0,1017,Hauser,Zvi
1,1018,Shitrit,Kathrin
2,1019,Barak,Keren
3,1020,Kamal-Mreeh,Gadeer
4,1021,Peretz,Rafael
5,1022,Ben Barak,Ram
6,1023,Shefa,Ram
7,1024,Kushnir,Alex
8,1025,Asakla,Jaber
9,1026,Taha,Waleed
10,1027,Golan,Yair
11,1028,Ifraimov ,Mark
12,1029,Abutbul,Moshe
13,1030,Kahana,Matan
14,1031,Abu Shahadeh,Samy
15,1032,Khatib Yassin,Iman
16,1033,Kozhinov,Andrey
17,1034,Saleh ,Sondos
18,1035,Avitan,Yaakov
19,1036,Wunsh,Michal
20,1037,Kabla,Einav
21,1038,Friedman,Tehila
22,1039,Busso,Uriel
23,1040,Shay Vazan,Hila 
24,1041,Hasid,Eliyahu
25,1042,Baruchi,Eliyahu
26,1043,Taieb,Yosef
27,1044,Halevi,Amit
28,1045,Vaturi,Nissim
29,1046,Stern,Shevah
30,1047,Yogev,Matti
31,1048,Ron Ben-Moshe,Yael
32,1049,Beliak,Vladimir 
33,1050,Turpaz,Moshe 
34,1052,Wasserman Lande,Ruth 
35,1053,Knafo,Anat 
36,1054,Orbach,Nir
37,1055,Biton,Haim
38,1056,Ben Gvir,Itamar
39,1057,Ghanaim,Mazen
40,1059,Distel Atbaryan,Galit
41,1060,Woldiger,Michal Miriam
42,1061,Katz,Ron
43,1062,Moatti,Emilie Haya
44,1063,Maoz,Avi
45,1064,Mara'ana,Ibtisam
46,1065,Kara,Abir
47,1066,Kariv,Gilad
48,1067,Rothman,Simcha
49,1068,Rayten Marom,Efrat
50,1069,Rinawie Zoabi,Ghaida
51,1070,Chikli,Amichai
52,1071,Shpak,Nira
53,1072,Bardach Yalov,Elina
54,1073,Tal,Alon
55,1074,Itzhak Halevy,Meir
56,1075,Magen Telem,Limor 
57,1076,Mazarsky,Tatiana
58,1077,Mari',Mufid
59,1078,Pinto Kadosh,Shirly
60,1079,Fridman,Yasmin
61,1080,Shain ,Yossi 
62,1081,Lasky,Gaby
63,1082,Lazimi,Naama
64,1083,Kalfon,Yomtob
65,1084,Bezek,Inbar
66,1085,Davidson,Simon
67,1086,Salalha,Ali
68,1087,Roffe Ofir,Sharon
69,1088,Buskila,Mishel
70,1089,Starkmann,Orna
71,1090,Tal,Ohad
72,1091,Sarfatti Harcavi,Matti
73,1092,Eisenkot,Gadi
74,1093,Alhwashla,Waleed
75,1094,Biton,Debbie
76,1095,Bismuth,Boaz
77,1096,Eliyahu,Amichay
78,1097,Bezalel,Avraham Benayahu
79,1098,Gotliv,Tally
80,1099,Goldknop,Yitshak 
81,1100,Dallal,Eli
82,1101,Danino,Shalom
83,1102,Wasserlauf,Issac Shimon
84,1103,Hujeirat,Yasir
85,1104,Cohen,Almog
86,1105,Milwidsky,Hanoch Dov
87,1106,Nir,Sharon
88,1107,Solomon,Moshe
89,1108,Sonn Har Melech,Limor
90,1109,Saada,Moshe
91,1110,Foghel,Tzvika
92,1111,Revivo,Eliyahu
93,1112,Shiri,Naor
94,1113,Dermer,Ron
95,1114,Kroizer,Yitzhak 
96,1115,Mashriki,Yonatan 
97,1116,Illouz,Dan 
98,1117,Roth,Moshe 
99,1118,Meron, Shelly Tal 
0,1119,Malul,Erez 
1,1120,Moshiashvili,Simon 
2,1121,Sukkot,Tzvi Yedidia
3,1122,Melaku,Tsega 
4,1123,Shkalim,Osher 
5,1124,Passal,Moshe 
6,1125,Guetta,Sasson Sassi 
7,1126,Buaron,Avichay Avraham
8,1127,Levi,Yaron
